"species","n","q95","q99","median_lat","mean_lat","warm_flag","kingdom","phylum","class","order","genus","family","speciesKey"
"Acanthurus chirurgus",29383,25.55735,26.20829836,24.6784,-80.55185,"tropical","Animalia","Chordata","","Perciformes","Acanthurus","Acanthuridae",5209174
"Acipenser brevirostrum",143,45.583333,45.89246058,42.515127,-72.56933,"northern_species","Animalia","Chordata","","Acipenseriformes","Acipenser","Acipenseridae",2402192
"Acipenser oxyrinchus",73719,47.14023,47.26718,46.83205,-71.19064,"northern_species","Animalia","Chordata","","Acipenseriformes","Acipenser","Acipenseridae",4287132
"Acipenser sturio",13,52.089984,57.4419648,40.667,-73.833,"northern_species","Animalia","Chordata","","Acipenseriformes","Acipenser","Acipenseridae",2402203
"Alepisaurus ferox",202,43.6385519,44.2889908,32.7416665,-67.36585,"northern_species","Animalia","Chordata","","Aulopiformes","Alepisaurus","Alepisauridae",2401692
"Alopias vulpinus",200,45.1614197,45.6493423,39.253617,-74.477525,"northern_species","Animalia","Chordata","Elasmobranchii","Lamniformes","Alopias","Alopiidae",2420797
"Alosa aestivalis",10040,45.029333,45.344667,41.2875835,-70.683333,"northern_species","Animalia","Chordata","","Clupeiformes","Alosa","Clupeidae",2412708
"Alosa alabamae",477,38.2460108,45.07958,30.684722,-85.83683,"southern_range_edge","Animalia","Chordata","","Clupeiformes","Alosa","Clupeidae",2412616
"Alosa alosa",15,45.07958,45.07958,32.766633,-95.853592,"northern_species","Animalia","Chordata","","Clupeiformes","Alosa","Clupeidae",2412685
"Alosa fallax",18,45.165722,45.165722,45.078967,-66.8442915,"northern_species","Animalia","Chordata","","Clupeiformes","Alosa","Clupeidae",2412623
"Alosa mediocris",595,41.5364119,43.62985144,38.775017,-76.363667,"possible_warm_water","Animalia","Chordata","","Clupeiformes","Alosa","Clupeidae",2412699
"Alosa sapidissima",11312,45.164667,47.0444178,42.316667,-69.25,"northern_species","Animalia","Chordata","","Clupeiformes","Alosa","Clupeidae",2412661
"Aluterus heudelotii",247,40.022644,41.28607,33.933333,-76.683333,"southern_range_edge","Animalia","Chordata","","Tetraodontiformes","Aluterus","Monacanthidae",2406739
"Amblyraja hyperborea",1757,74.58676,76.59798148,67.5948,-61.855,"northern_species","Animalia","Chordata","Elasmobranchii","Rajiformes","Amblyraja","Rajidae",2420454
"Ammodytes americanus",1389,50.2135,56.482949,44.670627,-62.842528,"northern_species","Animalia","Chordata","","Perciformes","Ammodytes","Ammodytidae",2389998
"Ammodytes hexapterus",258,71.9480689,72.69804,58.466667,-77.97591,"northern_species","Animalia","Chordata","","Perciformes","Ammodytes","Ammodytidae",2389995
"Ammodytes personatus",37,49.3007862,49.3024622,45.078967,-67.096017,"northern_species","Animalia","Chordata","","Perciformes","Ammodytes","Ammodytidae",2389997
"Ammodytes tobianus",61,66.938889,68.78288,42.93,-63.4,"northern_species","Animalia","Chordata","","Perciformes","Ammodytes","Ammodytidae",2389991
"Anarhichas denticulatus",6339,67.31,68.25,51.73,-54.07,"northern_species","Animalia","Chordata","","Perciformes","Anarhichas","Anarhichadidae",2392210
"Anarhichas lupus",24238,54.58,62.3388779,45.14,-59.4451665,"northern_species","Animalia","Chordata","","Perciformes","Anarhichas","Anarhichadidae",8006460
"Anarhichas minor",5166,64.266,68.12152,49.9499165,-53.35,"northern_species","Animalia","Chordata","","Perciformes","Anarhichas","Anarhichadidae",2392194
"Anchoa hepsetus",15173,38.433333,40.60301928,30.2633,-88.0267,"southern_range_edge","Animalia","Chordata","","Clupeiformes","Anchoa","Engraulidae",2413913
"Anguilla bicolor",4,45.08464755,45.08544951,45.078575,-67.095942,"northern_species","Animalia","Chordata","","Anguilliformes","Anguilla","Anguillidae",5712355
"Anisarchus medius",333,69.333333,71.35,48.858167,-63.873683,"northern_species","Animalia","Chordata","","Perciformes","Anisarchus","Stichaeidae",2394767
"Anotopterus pharao",51,63.691667,64.708335,42.9435,-61.4203,"northern_species","Animalia","Chordata","","Aulopiformes","Anotopterus","Anotopteridae",2401111
"Anthias nicholsi",232,42.8241657,42.873333,34.9916845,-75.2458325,"possible_warm_water","Animalia","Chordata","","Perciformes","Anthias","Serranidae",2387923
"Apeltes quadracus",6620,49.06585215,50.271056,46.387051,-64.65711,"northern_species","Animalia","Chordata","","Gasterosteiformes","Apeltes","Gasterosteidae",5204681
"Arctozenus risso",7501,61.882,66.216,47.536167,-61.6,"northern_species","Animalia","Chordata","","Aulopiformes","Arctozenus","Paralepididae",2401551
"Argentina sialis",7,40.72449,43.304898,32.45,-78.45,"southern_range_edge","Animalia","Chordata","","Osmeriformes","Argentina","Argentinidae",5214451
"Argentina silus",17240,47.43,49.53,43.2,-63.3624165,"northern_species","Animalia","Chordata","","Osmeriformes","Argentina","Argentinidae",5214450
"Argentina striata",466,40.1,43.11655775,29.6665285,-79.9256945,"southern_range_edge","Animalia","Chordata","","Osmeriformes","Argentina","Argentinidae",5214449
"Argyrocottus zanderi",8,45.08432595,45.08510519,44.942933,-66.8464,"northern_species","Animalia","Chordata","","Scorpaeniformes","Argyrocottus","Cottidae",2334296
"Argyropelecus hemigymnus",1091,43.246972,60.09,32.2,-67.33159,"northern_species","Animalia","Chordata","","Stomiiformes","Argyropelecus","Sternoptychidae",2347567
"Ariomma bondi",323,42.1831664,43.75967322,35.65,-74.866667,"possible_warm_water","Animalia","Chordata","","Perciformes","Ariomma","Ariommatidae",2399410
"Ariosoma anale",74,35.1201655,41.6931,13.264,-59.7139,"tropical","Animalia","Chordata","","Anguilliformes","Ariosoma","Congridae",2403228
"Artediellus atlanticus",4115,71.42884,75.583333,48.827,-61.8472,"northern_species","Animalia","Chordata","","Scorpaeniformes","Artediellus","Cottidae",2334289
"Artediellus uncinatus",3697,65,68.04831968,46.03,-60.27,"northern_species","Animalia","Chordata","","Scorpaeniformes","Artediellus","Cottidae",2334285
"Aspidophoroides olrikii",1229,67.95,69.371176,61.977,-63.532,"northern_species","Animalia","Chordata","","Scorpaeniformes","Aspidophoroides","Agonidae",2337217
"Balistes capriscus",3331,40.45475,44.4727917,25.93018,-80.189133,"southern_range_edge","Animalia","Chordata","","Tetraodontiformes","Balistes","Balistidae",2407107
"Balistes vetula",2279,26.2121365,34.2872974,18.26267,-67.334274,"tropical","Animalia","Chordata","","Tetraodontiformes","Balistes","Balistidae",2407103
"Bathylagus euryops",1756,69.34238325,72.293725,63.06893,-60.136,"northern_species","Animalia","Chordata","","Osmeriformes","Bathylagus","Bathylagidae",2410971
"Bathyraja spinicauda",1585,68.24,72.1232,49.86,-52.4333,"northern_species","Animalia","Chordata","Elasmobranchii","Rajiformes","Bathyraja","Arhynchobatidae",2420305
"Benthosema glaciale",4113,66.99154,69.83269304,42.876,-61.9844,"northern_species","Animalia","Chordata","","Myctophiformes","Benthosema","Myctophidae",2406057
"Blepsias cirrhosus",1,45.6,45.6,45.6,-61.417,"northern_species","Animalia","Chordata","","Scorpaeniformes","Blepsias","Hemitripteridae",2335095
"Boreogadus saida",21646,72.771667,74.995275,62.1809,-62.5679165,"northern_species","Animalia","Chordata","","Gadiformes","Boreogadus","Gadidae",2415752
"Bothus ocellatus",2071,39.206665,43,26.951,-80.92512,"southern_range_edge","Animalia","Chordata","","Pleuronectiformes","Bothus","Bothidae",5213883
"Brevoortia patronus",37918,30.5817,30.643,29.987778,-89.957824,"tropical","Animalia","Chordata","","Clupeiformes","Brevoortia","Clupeidae",5214546
"Brevoortia tyrannus",5027,44.9424,45.186437,38.978375,-75.133333,"northern_species","Animalia","Chordata","","Clupeiformes","Brevoortia","Clupeidae",5214544
"Brosme brosme",10562,44.266667,45.48907519,42.9361055,-66.0008,"northern_species","Animalia","Chordata","","Gadiformes","Brosme","Lotidae",2415505
"Cantherhines pullus",2038,27.52749995,36.0559420099999,18.460995,-71.651795,"tropical","Animalia","Chordata","","Tetraodontiformes","Cantherhines","Monacanthidae",2406961
"Capros aper",2,43.3956665,43.5511333,41.646665,-60.0125,"northern_species","Animalia","Chordata","","Perciformes","Capros","Caproidae",2389708
"Carangoides bartholomaei",4982,27.179625,35.14961027,24.697367,-80.9310085,"tropical","Animalia","Chordata","","Perciformes","Carangoides","Carangidae",5210553
"Caranx crysos",5323,38.916667,41.36915506,25.383017,-80.161872,"southern_range_edge","Animalia","Chordata","","Perciformes","Caranx","Carangidae",2390762
"Caranx hippos",5334,39.66031845,41.52604958,27.944759,-81.7353155,"southern_range_edge","Animalia","Chordata","","Perciformes","Caranx","Carangidae",2390778
"Carcharodon carcharias",565,45.0246646,46.77601056,33.4451,-78.5158,"northern_species","Animalia","Chordata","Elasmobranchii","Lamniformes","Carcharodon","Lamnidae",2420694
"Careproctus longipinnis",59,55.8399997,64.76333314,48.2875,-65.466667,"northern_species","Animalia","Chordata","","Scorpaeniformes","Careproctus","Liparidae",2336182
"Careproctus reinhardti",1529,73.1666868,75.4272296,61.376,-65.841,"northern_species","Animalia","Chordata","","Scorpaeniformes","Careproctus","Liparidae",2336181
"Centrolophus niger",18,47.650393,50.9167186,43.5404765,-63.92335,"northern_species","Animalia","Chordata","","Perciformes","Centrolophus","Centrolophidae",5212018
"Centropristis striata",7599,41.477934,42.26404256,38.266667,-74.6549,"possible_warm_water","Animalia","Chordata","","Perciformes","Centropristis","Serranidae",2387483
"Centroscyllium fabricii",12300,51.6105,63.74320047,45.430667,-57.790667,"northern_species","Animalia","Chordata","Elasmobranchii","Squaliformes","Centroscyllium","Etmopteridae",2421020
"Ceratoscopelus maderensis",2145,44.1633348,46.434,40.2345,-65.8586,"northern_species","Animalia","Chordata","","Myctophiformes","Ceratoscopelus","Myctophidae",2406043
"Cetorhinus maximus",8281,44.22643,49.9123892,42.0435,-69.2,"northern_species","Animalia","Chordata","Elasmobranchii","Lamniformes","Cetorhinus","Cetorhinidae",2420726
"Chaetodon capistratus",23732,25.4467605,25.73131489,24.553642,-81.376278,"tropical","Animalia","Chordata","","Perciformes","Chaetodon","Chaetodontidae",2385548
"Chaetodon ocellatus",15702,25.684196,40.18735133,24.668915,-81.673667,"tropical","Animalia","Chordata","","Perciformes","Chaetodon","Chaetodontidae",2385448
"Chauliodus sloani",3581,61.3,65.002732,39.916115,-64.6,"northern_species","Animalia","Chordata","","Stomiiformes","Chauliodus","Stomiidae",5203203
"Cheilopogon furcatus",315,35.1469128,42.1725838,27.721167,-82.666667,"tropical","Animalia","Chordata","","Beloniformes","Cheilopogon","Exocoetidae",5207977
"Cheilopogon melanurus",531,37.928335,40.734596,26.700001,-80.5325,"tropical","Animalia","Chordata","","Beloniformes","Cheilopogon","Exocoetidae",5207955
"Chlorophthalmus agassizi",2936,43.269,43.87915275,39.618451,-71.55,"northern_species","Animalia","Chordata","","Aulopiformes","Chlorophthalmus","Chlorophthalmidae",2401401
"Citharichthys arctifrons",14484,44.015833,44.49653579,40.5275335,-69.2685,"northern_species","Animalia","Chordata","","Pleuronectiformes","Citharichthys","Paralichthyidae",2408719
"Clupea pallasii",9,68.163333,68.179333,44.9424,-66.8518,"northern_species","Animalia","Chordata","","Clupeiformes","Clupea","Clupeidae",4284072
"Conger oceanicus",1382,41.1937411,42.33841373,38.95,-73.8533335,"possible_warm_water","Animalia","Chordata","","Anguilliformes","Conger","Congridae",2403522
"Coryphaena equiselis",480,38.5113334,44.3127,24.78125,-81.9953345,"southern_range_edge","Animalia","Chordata","","Perciformes","Coryphaena","Coryphaenidae",2381960
"Coryphaenoides rupestris",3110,64.09604205,65.6482,44.38,-60.6097135,"northern_species","Animalia","Chordata","","Gadiformes","Coryphaenoides","Macrouridae",5215150
"Cottunculus microps",3507,72.62397,75.433333,55.79,-58.57,"northern_species","Animalia","Chordata","","Scorpaeniformes","Cottunculus","Psychrolutidae",2334890
"Cottus asper",3,46.0085933,46.10331866,44.942933,-86.200333,"northern_species","Animalia","Chordata","","Scorpaeniformes","Cottus","Cottidae",2334177
"Cryptacanthodes giganteus",484,45.08565,63.7225,44.853638,-62.502753,"northern_species","Animalia","Chordata","","Perciformes","Cryptacanthodes","Cryptacanthodidae",2387407
"Cryptacanthodes maculatus",2845,49.3174998,49.9525794,44.3,-65.7285,"northern_species","Animalia","Chordata","","Perciformes","Cryptacanthodes","Cryptacanthodidae",2387415
"Cubiceps pauciradiatus",201,42.349998,43.793667,35.633333,-71.36667,"possible_warm_water","Animalia","Chordata","","Perciformes","Cubiceps","Nomeidae",2381926
"Cyclopterus lumpus",9840,53.8205,62.0933787,46.64,-59.37,"northern_species","Animalia","Chordata","","Scorpaeniformes","Cyclopterus","Cyclopteridae",5962255
"Cyclothone braueri",886,46.879175,64.016667,32.37,-71.5475,"northern_species","Animalia","Chordata","","Stomiiformes","Cyclothone","Gonostomatidae",2347454
"Cyttopsis rosea",255,42.8676669,43.650167,27.28833,-82.75,"possible_warm_water","Animalia","Chordata","","Zeiformes","Cyttopsis","Parazenidae",2415284
"Dactylopterus volitans",620,44.5001906,45.91038384,25.104435,-74.6989355,"northern_species","Animalia","Chordata","","Scorpaeniformes","Dactylopterus","Dactylopteridae",2333605
"Decapterus macarellus",1219,41.316667,43.779373,25.366367,-75.116333,"possible_warm_water","Animalia","Chordata","","Perciformes","Decapterus","Carangidae",2391064
"Decapterus punctatus",2989,41.0285198,43.5370466,33.866667,-77.05,"possible_warm_water","Animalia","Chordata","","Perciformes","Decapterus","Carangidae",2391041
"Dibranchus atlanticus",1067,43.9009996,45.4442,29.11667,-80.116389,"northern_species","Animalia","Chordata","","Lophiiformes","Dibranchus","Ogcocephalidae",2414913
"Dicentrarchus labrax",16,63.7234,63.72556,45.7453155,-67.0514585,"northern_species","Animalia","Chordata","","Perciformes","Dicentrarchus","Moronidae",2394622
"Diodon holocanthus",2411,28.0925,34.5723,18.44218,-80.126,"tropical","Animalia","Chordata","","Tetraodontiformes","Diodon","Diodontidae",5213361
"Dipturus laevis",3875,44.033333,45.68086658,41.55,-66.918,"northern_species","Animalia","Chordata","Elasmobranchii","Rajiformes","Dipturus","Rajidae",2420230
"Dorosoma cepedianum",44218,43.204534,44.578333,33.43,-90.219182,"northern_species","Animalia","Chordata","","Clupeiformes","Dorosoma","Clupeidae",2413541
"Engraulis ringens",7,45.08565,45.08565,45.081067,-67.096017,"northern_species","Animalia","Chordata","","Clupeiformes","Engraulis","Engraulidae",2414014
"Eopsetta grigorjewi",3,45.0704533,45.08233066,44.936833,-66.842183,"northern_species","Animalia","Chordata","","Pleuronectiformes","Eopsetta","Pleuronectidae",2409234
"Epinephelus morio",8200,25.56958,28.5,24.678983,-82.846133,"tropical","Animalia","Chordata","","Perciformes","Epinephelus","Serranidae",2388373
"Etropus microstomus",1896,41.00051175,41.518591,38.642417,-74.8241685,"possible_warm_water","Animalia","Chordata","","Pleuronectiformes","Etropus","Paralichthyidae",2408956
"Etrumeus sadina",2531,41.181272,41.5253618,37.494717,-74.983333,"possible_warm_water","Animalia","Chordata","","Clupeiformes","Etrumeus","Dussumieriidae",2413189
"Eumesogrammus praecisus",2951,62.02791,66.2083165,47.98,-62.5721,"northern_species","Animalia","Chordata","","Perciformes","Eumesogrammus","Stichaeidae",2394920
"Eumicrotremus derjugini",659,71.57791,77.633333,62.50433,-68.1522,"northern_species","Animalia","Chordata","","Scorpaeniformes","Eumicrotremus","Cyclopteridae",2336862
"Eumicrotremus spinosus",5378,68.15406,71.577923,48.51,-60.7866665,"northern_species","Animalia","Chordata","","Scorpaeniformes","Eumicrotremus","Cyclopteridae",2336857
"Eumicrotremus terraenovae",820,51.77619165,54.3681248199999,49.2804435,-63.6686085,"northern_species","Animalia","Chordata","","Scorpaeniformes","Eumicrotremus","Cyclopteridae",2336860
"Euthynnus alletteratus",1023,38.05,41.4785589,27.4,-86.804,"southern_range_edge","Animalia","Chordata","","Perciformes","Euthynnus","Scombridae",5208565
"Fistularia tabacaria",492,41.47899865,44.82775992,30.4625005,-75.6817,"possible_warm_water","Animalia","Chordata","","Syngnathiformes","Fistularia","Fistulariidae",5200941
"Fritillaria borealis",115,73.692,74.3992,51.41,-59.17,"northern_species","Animalia","Chordata","","Copelata","Fritillaria","Fritillariidae",2332511
"Fundulus heteroclitus",11601,47.746584,47.802127,45.64062,-64.99786,"northern_species","Animalia","Chordata","","Cyprinodontiformes","Fundulus","Fundulidae",5712056
"Fundulus majalis",2693,41.7494642,42.19215444,38.4488,-76.210282,"possible_warm_water","Animalia","Chordata","","Cyprinodontiformes","Fundulus","Fundulidae",5203628
"Gadus chalcogrammus",31,45.0821335,45.15509,38.82081,-86.958,"northern_species","Animalia","Chordata","","Gadiformes","Gadus","Gadidae",2415769
"Gadus macrocephalus",1672,64.5423113,69.41943024,50.2269515,-63.4,"northern_species","Animalia","Chordata","","Gadiformes","Gadus","Gadidae",2415853
"Gaidropsarus ensis",2564,72.623985,74.36416,66.602915,-60.98725,"northern_species","Animalia","Chordata","","Gadiformes","Gaidropsarus","Lotidae",2415583
"Gasterosteus aculeatus",10683,50.2730992,61.7945978000001,46.273139,-65.345577,"northern_species","Animalia","Chordata","","Gasterosteiformes","Gasterosteus","Gasterosteidae",4286327
"Gasterosteus wheatlandi",4347,50.194667,50.28149,46.448448,-64.552165,"northern_species","Animalia","Chordata","","Gasterosteiformes","Gasterosteus","Gasterosteidae",2356547
"Gempylus serpens",301,39.55067,40.34667,24.43,-84.21,"southern_range_edge","Animalia","Chordata","","Perciformes","Gempylus","Gempylidae",2397775
"Gymnelus retrodorsalis",173,72.3240036,80.40232544,62.5,-66.33,"northern_species","Animalia","Chordata","","Perciformes","Gymnelus","Zoarcidae",2380941
"Gymnelus viridis",928,74.683333,78.8425,62.45,-66.7656665,"northern_species","Animalia","Chordata","","Perciformes","Gymnelus","Zoarcidae",2380942
"Gymnocanthus galeatus",42,63.7261,63.7261,61.5479015,-68.50311,"northern_species","Animalia","Chordata","","Scorpaeniformes","Gymnocanthus","Cottidae",2334013
"Gymnocanthus herzensteini",32,63.7261,63.7261,63.7145,-68.50311,"northern_species","Animalia","Chordata","","Scorpaeniformes","Gymnocanthus","Cottidae",2334017
"Gymnocanthus intermedius",19,63.7261,63.7261,63.7182,-68.5131,"northern_species","Animalia","Chordata","","Scorpaeniformes","Gymnocanthus","Cottidae",2334004
"Gymnocanthus tricuspis",3734,73.016667,76.583333,49.360333,-63.746333,"northern_species","Animalia","Chordata","","Scorpaeniformes","Gymnocanthus","Cottidae",2334007
"Halieutichthys aculeatus",1444,34.95119085,39.90143867,28.28333,-87.495,"tropical","Animalia","Chordata","","Lophiiformes","Halieutichthys","Ogcocephalidae",2415008
"Helicolenus dactylopterus",16766,43.240667,43.99100855,42.559,-66.477667,"northern_species","Animalia","Chordata","","Scorpaeniformes","Helicolenus","Sebastidae",4286361
"Hemiramphus brasiliensis",3849,27.0807396,34.71986376,21.497213,-86.795034,"tropical","Animalia","Chordata","","Beloniformes","Hemiramphus","Hemiramphidae",2368950
"Hemitripterus villosus",30,63.7182,63.721253,45.078575,-67.091825,"northern_species","Animalia","Chordata","","Scorpaeniformes","Hemitripterus","Hemitripteridae",2335110
"Heteropriacanthus cruentatus",1646,32.26058725,43.47879175,18.347575,-67.094599,"tropical","Animalia","Chordata","","Perciformes","Heteropriacanthus","Priacanthidae",2375045
"Hexagrammos lagocephalus",2,44.84937415,45.10320843,41.9937385,-81.6574765,"northern_species","Animalia","Chordata","","Scorpaeniformes","Hexagrammos","Hexagrammidae",2336464
"Himantolophus groenlandicus",60,48.57666665,63.59985,30.8166665,-59.8758335,"northern_species","Animalia","Chordata","","Lophiiformes","Himantolophus","Himantolophidae",2415109
"Hippocampus erectus",2711,40.8544815,44.5260977,28.8049,-80.60297,"southern_range_edge","Animalia","Chordata","","Syngnathiformes","Hippocampus","Syngnathidae",5201075
"Hippoglossina oblonga",20524,42.38333,43.58282775,40.429167,-70.36667,"possible_warm_water","Animalia","Chordata","","Pleuronectiformes","Hippoglossina","Paralichthyidae",2408805
"Hippoglossoides elassodon",11,54.401925,61.854945,45.078967,-67.096017,"northern_species","Animalia","Chordata","","Pleuronectiformes","Hippoglossoides","Pleuronectidae",2409109
"Hippoglossus hippoglossus",60530,46.0751095,50.14,43.69226,-68.61133,"northern_species","Animalia","Chordata","","Pleuronectiformes","Hippoglossus","Pleuronectidae",2409218
"Hirundichthys affinis",391,34.833349,38.892,21.5,-75.05,"tropical","Animalia","Chordata","","Beloniformes","Hirundichthys","Exocoetidae",2368680
"Hirundichthys rondeletii",411,39.08665,41.67,27.633333,-88.733333,"southern_range_edge","Animalia","Chordata","","Beloniformes","Hirundichthys","Exocoetidae",2368701
"Hoplostethus mediterraneus",211,40.031665,48.4032833,34.233299,-75.799797,"southern_range_edge","Animalia","Chordata","","Beryciformes","Hoplostethus","Trachichthyidae",2357118
"Howella sherborni",266,43.67080875,45.6821787,41.83333,-61.5,"northern_species","Animalia","Chordata","","Perciformes","Howella","Howellidae",5211086
"Hyperoglyphe perciformis",159,44.6292797,47.38,41.21667,-69.51,"northern_species","Animalia","Chordata","","Perciformes","Hyperoglyphe","Centrolophidae",2398160
"Hyporhamphus meeki",668,39.151695,41.52451143,28.493,-80.601185,"southern_range_edge","Animalia","Chordata","","Beloniformes","Hyporhamphus","Hemiramphidae",2368890
"Hyporthodus niveatus",234,41.5385776,44.51713841,32.740002,-77.400017,"possible_warm_water","Animalia","Chordata","","Perciformes","Hyporthodus","Serranidae",5788225
"Hypsoblennius hentz",702,40.7288203,41.26105473,34.574,-77.0413,"southern_range_edge","Animalia","Chordata","","Perciformes","Hypsoblennius","Blenniidae",2395566
"Icelus bicornis",1645,76.1,80,48.355817,-63.04175,"northern_species","Animalia","Chordata","","Scorpaeniformes","Icelus","Cottidae",5201203
"Icelus spatula",1836,74.65041825,77.283333,60.4113945,-65.1376665,"northern_species","Animalia","Chordata","","Scorpaeniformes","Icelus","Cottidae",5201205
"Isopsetta isolepis",88,45.08565,45.086517,45.078967,-67.095867,"northern_species","Animalia","Chordata","","Pleuronectiformes","Isopsetta","Pleuronectidae",2409202
"Isurus oxyrinchus",317,43.72216,45.49,30.137096,-80.6,"northern_species","Animalia","Chordata","Elasmobranchii","Lamniformes","Isurus","Lamnidae",5216248
"Kareius bicoloratus",37,45.08537,45.08620488,45.078183,-67.095867,"northern_species","Animalia","Chordata","","Pleuronectiformes","Kareius","Pleuronectidae",2409229
"Katsuwonus pelamis",3810,36.7555,40.5091,26.959999,-89.12,"tropical","Animalia","Chordata","","Perciformes","Katsuwonus","Scombridae",2374191
"Lactophrys trigonus",1007,29.6562741,40.8281528,24.847217,-80.2976,"tropical","Animalia","Chordata","","Tetraodontiformes","Lactophrys","Ostraciidae",2408096
"Lamna nasus",3394,47.5556126,48.66,44.14552,-63.130859,"northern_species","Animalia","Chordata","Elasmobranchii","Lamniformes","Lamna","Lamnidae",5216239
"Lampanyctus alatus",767,42.6833238,43.52266644,32.43,-73.175,"possible_warm_water","Animalia","Chordata","","Myctophiformes","Lampanyctus","Myctophidae",7791680
"Lampanyctus macdonaldi",1065,65.804,66.719384,60,-59.422,"northern_species","Animalia","Chordata","","Myctophiformes","Lampanyctus","Myctophidae",2405998
"Lampanyctus photonotus",787,42.7233341,44.12886676,32.22,-63.8,"possible_warm_water","Animalia","Chordata","","Myctophiformes","Lampanyctus","Myctophidae",2406005
"Lepidopsetta bilineata",2,45.2610405,45.5322081,42.210405,-78.87431,"northern_species","Animalia","Chordata","","Pleuronectiformes","Lepidopsetta","Pleuronectidae",5213939
"Lepidopsetta mochigarei",40,45.0853175,45.08565,45.078967,-67.096017,"northern_species","Animalia","Chordata","","Pleuronectiformes","Lepidopsetta","Pleuronectidae",5213935
"Lepidopsetta polyxystra",82,45.0853,45.08565,45.078575,-67.096017,"northern_species","Animalia","Chordata","","Pleuronectiformes","Lepidopsetta","Pleuronectidae",5213938
"Lepophidium profundorum",4184,40.9141695,42.991333,40.01667,-71.575,"southern_range_edge","Animalia","Chordata","","Ophidiiformes","Lepophidium","Ophidiidae",2345611
"Leptagonus decagonus",8046,66.1292475,70.92,49.296508,-60.282667,"northern_species","Animalia","Chordata","","Scorpaeniformes","Leptagonus","Agonidae",2337186
"Leptoclinus maculatus",10132,63.8968815,69.5,45.726667,-60.251,"northern_species","Animalia","Chordata","","Perciformes","Leptoclinus","Stichaeidae",2394832
"Leucoraja garmani",1673,40.39977,41.89978588,37.45,-74.52,"southern_range_edge","Animalia","Chordata","Elasmobranchii","Rajiformes","Leucoraja","Rajidae",2419858
"Limanda aspera",17,45.0853,45.0853,44.9424,-67.088083,"northern_species","Animalia","Chordata","","Pleuronectiformes","Limanda","Pleuronectidae",5213950
"Limanda proboscidea",23,45.0853,45.085573,45.07958,-67.096267,"northern_species","Animalia","Chordata","","Pleuronectiformes","Limanda","Pleuronectidae",5213962
"Limanda punctatissima",105,47.8880234,63.1415644799999,45.078967,-67.096017,"northern_species","Animalia","Chordata","","Pleuronectiformes","Limanda","Pleuronectidae",5213966
"Liopsetta glacialis",17,61.6659982,75.10375244,46.495829,-63.758968,"northern_species","Animalia","Chordata","","Pleuronectiformes","Liopsetta","Pleuronectidae",2409263
"Liopsetta pinnifasciata",105,63.71746,63.725956,45.078967,-67.096017,"northern_species","Animalia","Chordata","","Pleuronectiformes","Liopsetta","Pleuronectidae",2409270
"Liparis atlanticus",1422,48.43385315,59.39930693,44.217,-66.4164,"northern_species","Animalia","Chordata","","Scorpaeniformes","Liparis","Liparidae",5201436
"Liparis bathyarcticus",718,63.715055,72.5850393,49.2423335,-66.8518,"northern_species","Animalia","Chordata","","Scorpaeniformes","Liparis","Liparidae",8318376
"Liparis coheni",306,46.316666,47.7167,45.186167,-65.788333,"northern_species","Animalia","Chordata","","Scorpaeniformes","Liparis","Liparidae",5201462
"Liparis fabricii",4302,74.4479,77.466667,65.772,-64.90951,"northern_species","Animalia","Chordata","","Scorpaeniformes","Liparis","Liparidae",5201468
"Liparis gibbus",2119,70.525507,74.0868,49.191666,-65.1148,"northern_species","Animalia","Chordata","","Scorpaeniformes","Liparis","Liparidae",5201429
"Liparis inquilinus",951,47.05,63.7225,43.9167,-66.0785,"northern_species","Animalia","Chordata","","Scorpaeniformes","Liparis","Liparidae",5201465
"Liparis liparis",27,63.7124999,68.16966642,44.644735,-66.3408,"northern_species","Animalia","Chordata","","Scorpaeniformes","Liparis","Liparidae",5712338
"Liparis miostomus",96,52.9057985,63.7261,44.942933,-66.8464,"northern_species","Animalia","Chordata","","Scorpaeniformes","Liparis","Liparidae",5201511
"Liparis montagui",9,44.298758,44.6386876,43.66139,-70.25583,"northern_species","Animalia","Chordata","","Scorpaeniformes","Liparis","Liparidae",5201512
"Liparis tunicatus",340,76.85,82.4,66.375,-69.9749835,"northern_species","Animalia","Chordata","","Scorpaeniformes","Liparis","Liparidae",5201492
"Lobotes surinamensis",626,34.634949,39.84584375,27.856197,-83.8960275,"tropical","Animalia","Chordata","","Perciformes","Lobotes","Lobotidae",2379457
"Lophius americanus",29986,45.89,48.92334195,43.05,-67.33,"northern_species","Animalia","Chordata","","Lophiiformes","Lophius","Lophiidae",2415069
"Lophius piscatorius",51,61.7733335,62.18,40.2668,-70.8886,"northern_species","Animalia","Chordata","","Lophiiformes","Lophius","Lophiidae",2415075
"Lophogobius cyprinoides",964,28.3619162,46.4291479,24.5756935,-81.716655,"tropical","Animalia","Chordata","","Perciformes","Lophogobius","Gobiidae",2376033
"Lopholatilus chamaeleonticeps",361,40.35883,43.677833,39.68333,-72.19,"southern_range_edge","Animalia","Chordata","","Perciformes","Lopholatilus","Malacanthidae",2389833
"Lumpenus fabricii",252,69,72.78626218,53.8333165,-77.7916665,"northern_species","Animalia","Chordata","","Perciformes","Lumpenus","Stichaeidae",8290461
"Lumpenus lampretaeformis",9190,60.041275,64.3585995,45.212333,-60.6435,"northern_species","Animalia","Chordata","","Perciformes","Lumpenus","Stichaeidae",5211321
"Lutjanus campechanus",1965,31.03696,38.82081,28.97,-88.62889,"tropical","Animalia","Chordata","","Perciformes","Lutjanus","Lutjanidae",2384865
"Lutjanus cyanopterus",486,27.686663,38.8263114499999,19.2705195,-80.106562,"tropical","Animalia","Chordata","","Perciformes","Lutjanus","Lutjanidae",2385052
"Lycenchelys kolthoffi",293,71.898112,77.083333,66.6567,-62.681,"northern_species","Animalia","Chordata","","Perciformes","Lycenchelys","Zoarcidae",2380654
"Lycenchelys paxillus",430,65.55,67.06667,47.9391665,-59.6044165,"northern_species","Animalia","Chordata","","Perciformes","Lycenchelys","Zoarcidae",2380587
"Lycenchelys verrillii",753,49.384367,49.98575316,43.916667,-67.9017,"northern_species","Animalia","Chordata","","Perciformes","Lycenchelys","Zoarcidae",2380616
"Lycodes esmarkii",597,68.5033334,70.583333,60.416667,-60.188167,"northern_species","Animalia","Chordata","","Perciformes","Lycodes","Zoarcidae",5209392
"Lycodes eudipleurostictus",1311,77.083333,77.083333,68.416667,-60.5,"northern_species","Animalia","Chordata","","Perciformes","Lycodes","Zoarcidae",5209362
"Lycodes lavalaei",2338,51.622742,61.30832079,47.7932085,-61.9644895,"northern_species","Animalia","Chordata","","Perciformes","Lycodes","Zoarcidae",5209413
"Lycodes nakamurae",50,63.7261,63.7261,47.169825,-67.098055,"northern_species","Animalia","Chordata","","Perciformes","Lycodes","Zoarcidae",5209466
"Lycodes polaris",256,74.6517,78.4259368,56.9858325,-67.6835,"northern_species","Animalia","Chordata","","Perciformes","Lycodes","Zoarcidae",5209460
"Lycodes reticulatus",8324,67.5960955,71.133333,48.24,-52.71,"northern_species","Animalia","Chordata","","Perciformes","Lycodes","Zoarcidae",8406566
"Lycodes tanakae",21,63.7261,63.7261,63.7145,-68.50311,"northern_species","Animalia","Chordata","","Perciformes","Lycodes","Zoarcidae",5209451
"Lycodes terraenovae",788,66.69525,71.25,45.474833,-59.744333,"northern_species","Animalia","Chordata","","Perciformes","Lycodes","Zoarcidae",5209385
"Lycodes toyamensis",1,44.9424,44.9424,44.9424,-66.8518,"northern_species","Animalia","Chordata","","Perciformes","Lycodes","Zoarcidae",5209355
"Lycodes vahlii",10376,62.25833325,68.566667,45.0055,-59.5485,"northern_species","Animalia","Chordata","","Perciformes","Lycodes","Zoarcidae",5209425
"Macroramphosus scolopax",588,40.2688345,43.96663866,36.1,-74.8,"southern_range_edge","Animalia","Chordata","","Syngnathiformes","Macroramphosus","Centriscidae",2333513
"Macrourus berglax",9531,67.956667,71.577,54.38,-54.67,"northern_species","Animalia","Chordata","","Gadiformes","Macrourus","Macrouridae",5215147
"Malacoraja kreffti",38,63.718845,63.7225,45.0839085,-66.842183,"northern_species","Animalia","Chordata","Elasmobranchii","Rajiformes","Malacoraja","Rajidae",2419825
"Malacosteus niger",609,63.964657,65.04384,39.8411,-64.9,"northern_species","Animalia","Chordata","","Stomiiformes","Malacosteus","Stomiidae",2347378
"Mallotus villosus",22648,53.43,63.608855,47.41,-59.8125,"northern_species","Animalia","Chordata","","Osmeriformes","Mallotus","Osmeridae",5214420
"Mancopsetta maculata",6,46.5381975,46.5403835,44.8081945,-65.918611,"northern_species","Animalia","Chordata","","Pleuronectiformes","Mancopsetta","Achiropsettidae",5712308
"Maurolicus muelleri",1496,44.356667,60.166667,42.20075,-68.6384965,"northern_species","Animalia","Chordata","","Stomiiformes","Maurolicus","Sternoptychidae",2347501
"Maurolicus weitzmani",1384,44.0258,44.54962583,39.96287,-70.354035,"northern_species","Animalia","Chordata","","Stomiiformes","Maurolicus","Sternoptychidae",2347496
"Megalocottus platycephalus",127,63.7225,63.7261,45.078967,-67.095867,"northern_species","Animalia","Chordata","","Scorpaeniformes","Megalocottus","Cottidae",4286462
"Megalops atlanticus",3420,29.247464,33.91066673,24.709778,-81.3836,"tropical","Animalia","Chordata","","Elopiformes","Megalops","Megalopidae",5203123
"Melanostigma atlanticum",3537,49.73,50.193833,48.485833,-65.22,"northern_species","Animalia","Chordata","","Perciformes","Melanostigma","Zoarcidae",5209502
"Menidia menidia",10745,47.746584,47.808815,45.262244,-65.55928,"northern_species","Animalia","Chordata","","Atheriniformes","Menidia","Atherinopsidae",2412304
"Merlangius merlangus",9,63.216667,63.216667,29.401363,-94.970603,"northern_species","Animalia","Chordata","","Gadiformes","Merlangius","Gadidae",2415788
"Merluccius albidus",4878,44.33,44.95238659,42.482167,-65.3844,"northern_species","Animalia","Chordata","","Gadiformes","Merluccius","Merlucciidae",2415661
"Merluccius merluccius",146,46.38445125,46.75744935,45.03265,-66.96618,"northern_species","Animalia","Chordata","","Gadiformes","Merluccius","Merlucciidae",2415643
"Microgadus tomcod",4442,49.3776514,50.28128,46.2404675,-65.636833,"northern_species","Animalia","Chordata","","Gadiformes","Microgadus","Gadidae",2415893
"Micromesistius poutassou",93,64.3699996,65.2108528,59.224,-60.66533,"northern_species","Animalia","Chordata","","Gadiformes","Micromesistius","Gadidae",2415777
"Mobula rochebrunei",438,63.7145,63.7225,45.050267,-66.732933,"northern_species","Animalia","Chordata","Elasmobranchii","Myliobatiformes","Mobula","Myliobatidae",2419224
"Mola mola",12800,43.904025,45.00001755,40.736375,-69.960253,"northern_species","Animalia","Chordata","","Tetraodontiformes","Mola","Molidae",5213725
"Morone americana",16324,46.706038,46.7571539,41.56,-79.5401245,"northern_species","Animalia","Chordata","","Perciformes","Morone","Moronidae",2394604
"Mugil cephalus",39583,30.3572,34.722599,28.191667,-96.623333,"tropical","Animalia","Chordata","","Mugiliformes","Mugil","Mugilidae",8189568
"Mugil curema",16487,30.4757816,39.56597612,28.13983,-95.165,"tropical","Animalia","Chordata","","Mugiliformes","Mugil","Mugilidae",2400641
"Mullus auratus",632,40.4484985,41.521853,29.8316665,-80.55,"southern_range_edge","Animalia","Chordata","","Perciformes","Mullus","Mullidae",2396865
"Mustelus canis",7339,41.272347,41.7441541,38.968,-74.566593,"possible_warm_water","Animalia","Chordata","Elasmobranchii","Carcharhiniformes","Mustelus","Triakidae",2418312
"Myctophum punctatum",1001,60.3,64.628946,42.961167,-61.0833,"northern_species","Animalia","Chordata","","Myctophiformes","Myctophum","Myctophidae",2405855
"Myoxocephalus aenaeus",3046,48.5318775,50.281253,44.684,-66.038333,"northern_species","Animalia","Chordata","","Scorpaeniformes","Myoxocephalus","Cottidae",2333799
"Myoxocephalus brandtii",86,63.7225,63.7261,45.078967,-67.096017,"northern_species","Animalia","Chordata","","Scorpaeniformes","Myoxocephalus","Cottidae",2333793
"Myoxocephalus jaok",100,63.7225,63.7261,45.078967,-67.096017,"northern_species","Animalia","Chordata","","Scorpaeniformes","Myoxocephalus","Cottidae",2333814
"Myoxocephalus ochotensis",73,63.72394,63.7261,45.07958,-67.096267,"northern_species","Animalia","Chordata","","Scorpaeniformes","Myoxocephalus","Cottidae",2333776
"Myoxocephalus polyacanthocephalus",104,63.7225,63.7261,45.078967,-67.096017,"northern_species","Animalia","Chordata","","Scorpaeniformes","Myoxocephalus","Cottidae",2333818
"Myoxocephalus quadricornis",1204,79.182805,80,53.8240275,-78.1683515,"northern_species","Animalia","Chordata","","Scorpaeniformes","Myoxocephalus","Cottidae",2334327
"Myoxocephalus scorpioides",621,72.75,75.5477799999999,62.516667,-74.6519,"northern_species","Animalia","Chordata","","Scorpaeniformes","Myoxocephalus","Cottidae",2333780
"Myoxocephalus stelleri",17,63.72322,63.725524,45.082517,-67.09731,"northern_species","Animalia","Chordata","","Scorpaeniformes","Myoxocephalus","Cottidae",2333807
"Naucrates ductor",123,43.3443337,45.57930196,39.33,-70.1167,"northern_species","Animalia","Chordata","","Perciformes","Naucrates","Carangidae",2391379
"Nemichthys scolopaceus",2116,45.05704175,62.4639,42.166685,-64.051,"northern_species","Animalia","Chordata","","Anguilliformes","Nemichthys","Nemichthyidae",2403686
"Nezumia bairdii",18694,52.22,63.356907,46.26,-59.3996665,"northern_species","Animalia","Chordata","","Gadiformes","Nezumia","Macrouridae",2416930
"Nomeus gronovii",256,32.725025,40.117565,25.73194,-80.6587665,"tropical","Animalia","Chordata","","Perciformes","Nomeus","Nomeidae",2381886
"Notacanthus chemnitzii",1536,67.092705,71.79858355,48.7,-53.375,"northern_species","Animalia","Chordata","","Notacanthiformes","Notacanthus","Notacanthidae",2405532
"Notoscopelus elongatus",45,63.803336,65.552667,42.807167,-60.5162,"northern_species","Animalia","Chordata","","Myctophiformes","Notoscopelus","Myctophidae",2406096
"Notoscopelus kroyeri",530,67.133333,68.288142,47.99875,-59.42525,"northern_species","Animalia","Chordata","","Myctophiformes","Notoscopelus","Myctophidae",2406108
"Notoscopelus resplendens",874,43,43.71081,38.52,-64.77,"possible_warm_water","Animalia","Chordata","","Myctophiformes","Notoscopelus","Myctophidae",2406106
"Oikopleura dioica",51,45.07995,45.082517,45.03265,-66.8518,"northern_species","Animalia","Chordata","","Copelata","Oikopleura","Oikopleuridae",2332555
"Oncorhynchus clarkii",111,45.086517,63.71783,44.9396,-67.0988,"northern_species","Animalia","Chordata","","Salmoniformes","Oncorhynchus","Salmonidae",5711980
"Oncorhynchus kisutch",2126,46.84,48.6375,44.10787,-87.6646545,"northern_species","Animalia","Chordata","","Salmoniformes","Oncorhynchus","Salmonidae",5204034
"Oncorhynchus mykiss",43215,47.16,47.959999,43.44639,-87.43314,"northern_species","Animalia","Chordata","","Salmoniformes","Oncorhynchus","Salmonidae",5204019
"Oncorhynchus nerka",178,57.55048,57.55048,42.8815345,-83.667984,"northern_species","Animalia","Chordata","","Salmoniformes","Oncorhynchus","Salmonidae",5204039
"Oncorhynchus tshawytscha",3808,46.8507,47.93600064,43.8211805,-84.8283435,"northern_species","Animalia","Chordata","","Salmoniformes","Oncorhynchus","Salmonidae",5204024
"Ophichthus gomesii",1124,43.416668,43.94859777,30.2583,-87.7945185,"northern_species","Animalia","Chordata","","Anguilliformes","Ophichthus","Ophichthidae",5213186
"Opisthonema libertate",88,44.940617,47.5089084999999,15.996667,-94.1301165,"northern_species","Animalia","Chordata","","Clupeiformes","Opisthonema","Clupeidae",5214557
"Osmerus eperlanus",7,47.106667,47.634667,45.066667,-69.93,"northern_species","Animalia","Chordata","","Osmeriformes","Osmerus","Osmeridae",2410854
"Osmerus mordax",55271,47.6958,48.82683,44.4783,-83.18,"northern_species","Animalia","Chordata","","Osmeriformes","Osmerus","Osmeridae",4283983
"Paralepis coregonoides",331,62.9749985,66.1175,41.733334,-65.6667,"northern_species","Animalia","Chordata","","Aulopiformes","Paralepis","Paralepididae",5212745
"Paralichthys dentatus",15116,41.26870525,41.8923515,38.76667,-74.4618415,"possible_warm_water","Animalia","Chordata","","Pleuronectiformes","Paralichthys","Paralichthyidae",2408866
"Paralichthys olivaceus",1,44.936833,44.936833,44.936833,-66.842183,"northern_species","Animalia","Chordata","","Pleuronectiformes","Paralichthys","Paralichthyidae",2408877
"Paraliparis calidus",197,49.3311002,49.93600064,48.096667,-61.097667,"northern_species","Animalia","Chordata","","Scorpaeniformes","Paraliparis","Liparidae",2336371
"Parophrys vetulus",30,45.0854925,45.08565,45.07958,-67.096267,"northern_species","Animalia","Chordata","","Pleuronectiformes","Parophrys","Pleuronectidae",2409370
"Peprilus triacanthus",28143,44.3666625,45.133333,40.4,-71.26667,"northern_species","Animalia","Chordata","","Perciformes","Peprilus","Stromateidae",2397711
"Peristedion miniatum",1408,40.90721895,43.86878922,39.36667,-72.37975,"southern_range_edge","Animalia","Chordata","","Scorpaeniformes","Peristedion","Peristediidae",2335006
"Pholis clemensi",3,44.59499,44.59499,44.59499,-63.9453,"northern_species","Animalia","Chordata","","Perciformes","Pholis","Pholidae",5210431
"Pholis crassispina",39,45.086517,47.70057712,45.078967,-67.096017,"northern_species","Animalia","Chordata","","Perciformes","Pholis","Pholidae",5210429
"Pholis fasciata",75,70.6422914,77.632,58.794568,-65.806016,"northern_species","Animalia","Chordata","","Perciformes","Pholis","Pholidae",5210413
"Pholis gunnellus",4161,49.298656,56.525615,44.604676,-66.0314,"northern_species","Animalia","Chordata","","Perciformes","Pholis","Pholidae",5210421
"Pholis nebulosa",2,45.08250615,45.08251483,45.0824085,-67.092175,"northern_species","Animalia","Chordata","","Perciformes","Pholis","Pholidae",5210427
"Pholis ornata",1,45.6,45.6,45.6,-61.417,"northern_species","Animalia","Chordata","","Perciformes","Pholis","Pholidae",5210410
"Phycis chesteri",23407,48.546667,49.39976304,44.1,-60.22,"northern_species","Animalia","Chordata","","Gadiformes","Phycis","Phycidae",5214921
"Platichthys flesus",44,48.212211,59.74298012,44.942933,-67.0969215,"northern_species","Animalia","Chordata","","Pleuronectiformes","Platichthys","Pleuronectidae",2409330
"Platichthys stellatus",8,45.07958,45.07958,44.879354,-67.0966635,"northern_species","Animalia","Chordata","","Pleuronectiformes","Platichthys","Pleuronectidae",2409327
"Plecoglossus altivelis",1,45.07958,45.07958,45.07958,-67.09731,"northern_species","Animalia","Chordata","","Osmeriformes","Plecoglossus","Plecoglossidae",4283980
"Pleuronectes platessa",120,45.08565,60.17518323,44.942933,-66.8518,"northern_species","Animalia","Chordata","","Pleuronectiformes","Pleuronectes","Pleuronectidae",7700106
"Pleuronectes putnami",3590,48.5667,50.2833,46.692181,-64.692647,"northern_species","Animalia","Chordata","","Pleuronectiformes","Pleuronectes","Pleuronectidae",5213985
"Pleuronichthys cornutus",19,46.769516,46.7763272,45.07958,-66.8518,"northern_species","Animalia","Chordata","","Pleuronectiformes","Pleuronichthys","Pleuronectidae",2409242
"Pogonias cromis",25142,29.984722,37.569682,28.151389,-96.8125,"tropical","Animalia","Chordata","","Perciformes","Pogonias","Sciaenidae",5212349
"Pomatomus saltatrix",7205,41.63333,42.790892,38.66365,-74.85,"possible_warm_water","Animalia","Chordata","","Perciformes","Pomatomus","Pomatomidae",5208090
"Priacanthus arenatus",1352,40.5075015,41.5261,26.500849,-80.1283685,"southern_range_edge","Animalia","Chordata","","Perciformes","Priacanthus","Priacanthidae",2375036
"Prionotus carolinus",10198,41.3211515,42.3537426,38.88843,-74.0689585,"possible_warm_water","Animalia","Chordata","","Scorpaeniformes","Prionotus","Triglidae",5201557
"Prionotus evolans",4233,41.31667,41.81079868,38.77761,-74.48333,"possible_warm_water","Animalia","Chordata","","Scorpaeniformes","Prionotus","Triglidae",5201545
"Pristigenys alta",735,42.0681469,44.60208202,34.483299,-75.85,"possible_warm_water","Animalia","Chordata","","Perciformes","Pristigenys","Priacanthidae",2375079
"Pristipomoides aquilonaris",1195,32.31168,37.7292099999999,27.799999,-91.748056,"tropical","Animalia","Chordata","","Perciformes","Pristipomoides","Lutjanidae",2385178
"Psettichthys melanostictus",96,45.086517,63.7145,45.078967,-67.096017,"northern_species","Animalia","Chordata","","Pleuronectiformes","Psettichthys","Pleuronectidae",2409051
"Pseudopleuronectes yokohamae",130,63.7182,63.725056,45.078967,-67.096017,"northern_species","Animalia","Chordata","","Pleuronectiformes","Pseudopleuronectes","Pleuronectidae",2409074
"Pseudupeneus maculatus",17718,25.5119,26.18851007,24.6516035,-81.234167,"tropical","Animalia","Chordata","","Perciformes","Pseudupeneus","Mullidae",2396813
"Pterycombus brama",261,41.316666,43.6266664,31.75833,-77.016667,"possible_warm_water","Animalia","Chordata","","Perciformes","Pterycombus","Bramidae",2369583
"Pungitius pungitius",17231,48.896655,58.788,46.6732,-86.3083,"northern_species","Animalia","Chordata","","Gasterosteiformes","Pungitius","Gasterosteidae",5739510
"Pungitius sinensis",4,60.93016255,63.16691251,45.0830485,-67.0986885,"northern_species","Animalia","Chordata","","Gasterosteiformes","Pungitius","Gasterosteidae",5204684
"Raja eglanteria",6283,40.916623,42.32,37.179667,-75.25,"southern_range_edge","Animalia","Chordata","Elasmobranchii","Rajiformes","Raja","Rajidae",5216061
"Rajella bathyphila",62,64.314167,72.8518033,57.55048,-55.5541665,"northern_species","Animalia","Chordata","Elasmobranchii","Rajiformes","Rajella","Rajidae",2420401
"Rajella fyllae",458,66.616667,68.59066361,60.697,-59.97735,"northern_species","Animalia","Chordata","Elasmobranchii","Rajiformes","Rajella","Rajidae",2420418
"Reinhardtius hippoglossoides",46609,67.41,71.51,48.87,-59.333333,"northern_species","Animalia","Chordata","","Pleuronectiformes","Reinhardtius","Pleuronectidae",2409383
"Remora brachyptera",73,43.9700006,44.383333,30.983333,-71.48,"northern_species","Animalia","Chordata","","Perciformes","Remora","Echeneidae",2375292
"Remora remora",443,40.4586667,42.4254452,28.87009,-78.7667,"southern_range_edge","Animalia","Chordata","","Perciformes","Remora","Echeneidae",2375267
"Rhizoprionodon terraenovae",1993,37.188818,38.5193364,32.311858,-80.030345,"tropical","Animalia","Chordata","Elasmobranchii","Carcharhiniformes","Rhizoprionodon","Carcharhinidae",2417892
"Salmo trutta",127930,45.59072,46.7,41.84,-78.04,"northern_species","Animalia","Chordata","","Salmoniformes","Salmo","Salmonidae",8215487
"Salvelinus alpinus",303116,60.83079,62.466667,60.76191,-46.51627,"northern_species","Animalia","Chordata","","Salmoniformes","Salvelinus","Salmonidae",4284021
"Salvelinus curilus",58,63.7261,63.7261,45.0853,-67.098055,"northern_species","Animalia","Chordata","","Salmoniformes","Salvelinus","Salmonidae",2351251
"Salvelinus malma",36,66.3367,75.6240255,57.55048,-86.5049965,"northern_species","Animalia","Chordata","","Salmoniformes","Salvelinus","Salmonidae",4284020
"Sarda sarda",1127,41.5261,44.5833,27.75,-84.43,"possible_warm_water","Animalia","Chordata","","Perciformes","Sarda","Scombridae",5208593
"Sardinops sagax",10,43.0396965,44.5618593,20,-96.196619,"possible_warm_water","Animalia","Chordata","","Clupeiformes","Sardinops","Clupeidae",2412583
"Scomber colias",153,42.1156444,44.98923284,29.654196,-85.745,"possible_warm_water","Animalia","Chordata","","Perciformes","Scomber","Scombridae",2374161
"Scomber japonicus",448,39.793,41.4602514,34.68674,-76.008335,"southern_range_edge","Animalia","Chordata","","Perciformes","Scomber","Scombridae",7599552
"Scomberesox saurus",2037,46.6776936,48.89928812,44.46611,-62.7525,"northern_species","Animalia","Chordata","","Beloniformes","Scomberesox","Scomberesocidae",2369272
"Scophthalmus aquosus",36081,45.63,47.4914066,41.233333,-68.053806,"northern_species","Animalia","Chordata","","Pleuronectiformes","Scophthalmus","Scophthalmidae",2409401
"Sebastes fasciatus",10131,44.3834625,49.02358,43.03,-68.71667,"northern_species","Animalia","Chordata","","Scorpaeniformes","Sebastes","Sebastidae",10689065
"Sebastes koreanus",1,45.07958,45.07958,45.07958,-67.09731,"northern_species","Animalia","Chordata","","Scorpaeniformes","Sebastes","Sebastidae",2335387
"Sebastes mentella",2323,67.3866,70.45289974,62.045,-61.091,"northern_species","Animalia","Chordata","","Scorpaeniformes","Sebastes","Sebastidae",2335427
"Sebastes norvegicus",699,66.7103889,68.4654,53,-60.55,"northern_species","Animalia","Chordata","","Scorpaeniformes","Sebastes","Sebastidae",9787268
"Sebastes viviparus",27,64.241414,64.28333,44.936833,-66.65718,"northern_species","Animalia","Chordata","","Scorpaeniformes","Sebastes","Sebastidae",2335390
"Selar crumenophthalmus",1221,41.075,43.4053982,28.73,-77.38333,"possible_warm_water","Animalia","Chordata","","Perciformes","Selar","Carangidae",2391007
"Selene setapinnis",4427,41.097,44.21887178,30.1617,-88.095,"possible_warm_water","Animalia","Chordata","","Perciformes","Selene","Carangidae",2390733
"Selene vomer",2864,38.29329185,41.08259749,27.872411,-86.7096315,"southern_range_edge","Animalia","Chordata","","Perciformes","Selene","Carangidae",2390711
"Seriola dumerili",1137,37.070002,41.46466232,24.723233,-82.9262,"tropical","Animalia","Chordata","","Perciformes","Seriola","Carangidae",5961696
"Seriola zonata",640,43.8746098,44.77650187,35.7299365,-75.45,"northern_species","Animalia","Chordata","","Perciformes","Seriola","Carangidae",5961719
"Serranus scriba",12,44.4875,44.5535,43.72,-62.35,"northern_species","Animalia","Chordata","","Perciformes","Serranus","Serranidae",2388714
"Siganus rivulatus",1,46.544144,46.544144,46.544144,-60.206353,"northern_species","Animalia","Chordata","","Perciformes","Siganus","Siganidae",2390185
"Sphoeroides maculatus",3566,41.81860825,43.816666,37.6671685,-75.4754085,"possible_warm_water","Animalia","Chordata","","Tetraodontiformes","Sphoeroides","Tetraodontidae",2407857
"Sphoeroides pachygaster",100,40.2909135,44.6463663,28.956,-82.6810835,"southern_range_edge","Animalia","Chordata","","Tetraodontiformes","Sphoeroides","Tetraodontidae",2407845
"Sphoeroides spengleri",2662,32.34238585,40.08598207,25.37875,-80.5543415,"tropical","Animalia","Chordata","","Tetraodontiformes","Sphoeroides","Tetraodontidae",2407829
"Sphyraena borealis",2221,41.47386,44.500281,36.7667,-75.40627,"possible_warm_water","Animalia","Chordata","","Perciformes","Sphyraena","Sphyraenidae",2394241
"Sprattus muelleri",2,45.07839835,45.08419967,45.0131335,-66.9692415,"northern_species","Animalia","Chordata","","Clupeiformes","Sprattus","Clupeidae",2413444
"Stegastes partitus",85781,25.5066,25.65953,24.672,-80.772733,"tropical","Animalia","Chordata","","Perciformes","Stegastes","Pomacentridae",2398881
"Stenotomus chrysops",8858,41.5004176,43.76200385,39.061595,-74.05,"possible_warm_water","Animalia","Chordata","","Perciformes","Stenotomus","Sparidae",2392447
"Stephanolepis hispidus",5168,41.0001,43.26666799,30.2908765,-80.078185,"possible_warm_water","Animalia","Chordata","","Tetraodontiformes","Stephanolepis","Monacanthidae",5213455
"Stichaeus punctatus",1051,63.3191665,69.7168,48.026944,-63.625,"northern_species","Animalia","Chordata","","Perciformes","Stichaeus","Stichaeidae",4284936
"Stomias boa",3857,62.5178,66.364552,42.779167,-62.6833,"northern_species","Animalia","Chordata","","Stomiiformes","Stomias","Stomiidae",2346868
"Strangomera bentincki",1,44.701174,44.701174,44.701174,-63.612507,"northern_species","Animalia","Chordata","","Clupeiformes","Strangomera","Clupeidae",2413034
"Symbolophorus veranyi",471,44.1325,46.1009986,41.68,-62.6,"northern_species","Animalia","Chordata","","Myctophiformes","Symbolophorus","Myctophidae",2406157
"Syngnathus fuscus",3573,46.615083,47.51692,41.049286,-71.250755,"northern_species","Animalia","Chordata","","Syngnathiformes","Syngnathus","Syngnathidae",2332955
"Synodus myops",1522,47.7889105,48.436877,33.63333,-76.78333,"northern_species","Animalia","Chordata","","Aulopiformes","Synodus","Synodontidae",5212618
"Tautoga onitis",1453,41.878152,43.82911,40.635622,-73.863967,"possible_warm_water","Animalia","Chordata","","Perciformes","Tautoga","Labridae",2383615
"Tautogolabrus adspersus",17539,46.689667,48.0897295,44.821822,-62.727063,"northern_species","Animalia","Chordata","","Perciformes","Tautogolabrus","Labridae",2382945
"Tenualosa reevesii",18,45.2801404,46.16341688,45.062083,-66.9678,"northern_species","Animalia","Chordata","","Clupeiformes","Tenualosa","Clupeidae",2413389
"Tetragonurus cuvieri",7,46.4174342,46.98741164,39.54814,-67.22164,"northern_species","Animalia","Chordata","","Perciformes","Tetragonurus","Tetragonuridae",5209332
"Tetronarce nobiliana",399,43.9363803,44.84279704,40.9815,-70.641954,"northern_species","Animalia","Chordata","Elasmobranchii","Torpediniformes","Tetronarce","Torpedinidae",2417699
"Thunnus alalunga",26129,41.5,47.46,38.15,-71.98,"possible_warm_water","Animalia","Chordata","","Perciformes","Thunnus","Scombridae",9694948
"Thunnus atlanticus",10616,33,39.3925,27.129999,-90.76,"tropical","Animalia","Chordata","","Perciformes","Thunnus","Scombridae",2373969
"Thunnus maccoyii",43,45.0864303,45.086517,45.07958,-67.096017,"northern_species","Animalia","Chordata","","Perciformes","Thunnus","Scombridae",2373941
"Thunnus obesus",47350,44.75,48.06,36.51,-73,"northern_species","Animalia","Chordata","","Perciformes","Thunnus","Scombridae",2373996
"Thunnus orientalis",9,45.086517,45.086517,31.335,-77.98333,"northern_species","Animalia","Chordata","","Perciformes","Thunnus","Scombridae",2374058
"Thunnus thynnus",9852,43.4,46.3049,35.55,-74.7,"northern_species","Animalia","Chordata","","Perciformes","Thunnus","Scombridae",2373980
"Thunnus tonggol",2,45.086517,45.086517,45.086517,-67.100067,"northern_species","Animalia","Chordata","","Perciformes","Thunnus","Scombridae",2373933
"Trachinotus blochii",25,48.5801936,48.590896,28.066873,-80.553196,"northern_species","Animalia","Chordata","","Perciformes","Trachinotus","Carangidae",5210675
"Trachinotus falcatus",2734,38.39037245,41.34898229,26.391309,-80.988505,"southern_range_edge","Animalia","Chordata","","Perciformes","Trachinotus","Carangidae",9819074
"Trachurus lathami",2228,41.23889345,43.7433516,34.4666665,-76.6007005,"possible_warm_water","Animalia","Chordata","","Perciformes","Trachurus","Carangidae",5210468
"Trachyrincus murrayi",952,63.34712885,64.16629388,48.63,-59.9835835,"northern_species","Animalia","Chordata","","Gadiformes","Trachyrincus","Macrouridae",2415968
"Triglops murrayi",18755,58.8333099,66.733333,44.698333,-61.43,"northern_species","Animalia","Chordata","","Scorpaeniformes","Triglops","Cottidae",2334048
"Triglops nybelini",2305,73.25,77.283333,63.521,-65.635,"northern_species","Animalia","Chordata","","Scorpaeniformes","Triglops","Cottidae",2334027
"Triglops pingelii",1708,74.9572129499999,77.633333,61.445,-66.6166665,"northern_species","Animalia","Chordata","","Scorpaeniformes","Triglops","Cottidae",2334033
"Typhlonarke aysoni",104,46.776611,63.20666621,45.067983,-66.732933,"northern_species","Animalia","Chordata","Elasmobranchii","Torpediniformes","Typhlonarke","Narkidae",2419771
"Ulvaria subbifurcata",3318,48.2921675,51.07510876,44.5166835,-65.4780835,"northern_species","Animalia","Chordata","","Perciformes","Ulvaria","Stichaeidae",5211302
"Upeneus parvus",771,37.194795,41.053105,26.1667,-93.33334,"tropical","Animalia","Chordata","","Perciformes","Upeneus","Mullidae",2396783
"Urophycis regia",13114,40.91532445,43.04786432,38.4203335,-74.3912585,"southern_range_edge","Animalia","Chordata","","Gadiformes","Urophycis","Phycidae",2415740
"Vinciguerria nimbaria",902,42.816666,43.5,31.925,-74.15,"possible_warm_water","Animalia","Chordata","","Stomiiformes","Vinciguerria","Phosichthyidae",2346841
"Xenolepidichthys dalgleishi",300,43.0354054,43.93062522,28.47972,-81.945,"possible_warm_water","Animalia","Chordata","","Zeiformes","Xenolepidichthys","Grammicolepididae",2415264
"Xiphias gladius",143426,43.26,46.71,27.9,-79.01,"northern_species","Animalia","Chordata","","Perciformes","Xiphias","Xiphiidae",2397850
"Zenopsis conchifer",1441,43.2835,44.018,39.39763,-72.46543,"northern_species","Animalia","Chordata","","Zeiformes","Zenopsis","Zeidae",2415247
"Zoarces andriashevi",61,63.7225,63.7261,45.078967,-67.096017,"northern_species","Animalia","Chordata","","Perciformes","Zoarces","Zoarcidae",2381008
